Age,Height,Weight,Bmi,BmiClass,Gender
61,1.85,109.3,31.935719503287068,Obese Class 1,Male
60,1.71,79.02,27.02369959987689,Overweight,Male
60,1.55,74.7,31.09261186264308,Obese Class 1,Female
60,1.46,35.9,16.841808969787955,Underweight,Female
60,1.58,97.1,38.89601025476686,Obese Class 2,Female
59,1.71,79.32,27.126295270339597,Overweight,Male
59,1.7,73.32,25.370242214532876,Overweight,Male
59,1.72,85.32,28.83991346673878,Overweight,Male
59,1.46,36.0,16.88872208669544,Underweight,Female
59,1.83,104.7,31.26399713338708,Obese Class 1,Male
58,1.71,79.31,27.122875414657504,Overweight,Male
58,1.7,73.41,25.401384083044984,Overweight,Male
58,1.72,85.21,28.80273120605733,Overweight,Male
58,1.47,36.0,16.65972511453561,Underweight,Female
57,1.71,79.3,27.11945555897541,Overweight,Male
57,1.7,73.5,25.432525951557096,Overweight,Male
57,1.72,85.1,28.76554894537588,Overweight,Male
57,1.75,110.0,35.91836734693877,Obese Class 2,Male
57,1.58,79.7,31.92597340169844,Obese Class 1,Female
57,1.47,36.0,16.65972511453561,Underweight,Female
57,1.6,99.1,38.71093749999999,Obese Class 2,Female
56,1.71,79.29,27.116035703293328,Overweight,Male
56,1.7,73.59,25.463667820069208,Overweight,Male
56,1.72,84.99,28.728366684694432,Overweight,Male
56,1.59,75.8,29.982991179146392,Overweight,Female
56,1.47,36.1,16.706002128742657,Underweight,Female
56,1.8,98.5,30.401234567901238,Obese Class 1,Male
56,1.59,98.0,38.764289387286894,Obese Class 2,Female
55,1.72,79.28,26.79826933477556,Overweight,Male
55,1.71,73.68,25.197496665640717,Overweight,Male
55,1.73,84.88,28.36045307227104,Overweight,Male
55,1.72,95.0,32.11195240670633,Obese Class 1,Male
55,1.7,160.0,55.36332179930796,Obese Class 3,Male
55,1.48,36.1,16.48100803506209,Underweight,Female
54,1.72,79.32,26.811790156841536,Overweight,Male
54,1.71,73.82,25.245374645189973,Overweight,Male
54,1.61,78.1,30.1300104162648,Obese Class 1,Female
54,1.48,36.2,16.526661796932068,Underweight,Female
54,1.61,100.3,38.69449481115697,Obese Class 2,Female
53,1.72,79.31,26.808409951325043,Overweight,Male
53,1.62,76.3,29.073311995122687,Overweight,Female
53,1.49,36.2,16.305571821089142,Underweight,Female
53,1.62,101.7,38.7517146776406,Obese Class 2,Female
52,1.72,79.3,26.805029745808547,Overweight,Male
52,1.71,74.0,25.3069320474676,Overweight,Male
52,1.6,73.0,28.515624999999996,Overweight,Female
52,1.49,36.3,16.350614837169495,Underweight,Female
52,1.64,105.1,39.07644259369423,Obese Class 2,Female
51,1.72,79.29,26.80164954029205,Overweight,Male
51,1.71,74.09,25.33771074860641,Overweight,Male
51,1.63,70.2,26.421769731642144,Overweight,Female
51,1.5,36.4,16.177777777777777,Underweight,Female
51,1.75,91.2,29.779591836734696,Overweight,Male
51,1.7,107.3,37.1280276816609,Obese Class 2,Male
50,1.73,79.28,26.489358147616024,Overweight,Male
50,1.72,74.18,25.074364521362902,Overweight,Male
50,1.74,84.38,27.870260272162767,Overweight,Male
50,1.8,135.0,41.66666666666666,Obese Class 3,Male
50,1.62,46.0,17.527815881725342,Underweight,Female
50,1.63,72.5,27.28744024991532,Overweight,Female
50,1.5,36.5,16.22222222222222,Underweight,Female
50,1.84,106.9,31.574905482041583,Obese Class 1,Male
50,1.66,110.5,40.10015967484396,Obese Class 3,Female
49,1.73,79.02,26.40248588325704,Overweight,Male
49,1.72,74.02,25.020281233098974,Overweight,Male
49,1.74,84.02,27.751354207953494,Overweight,Male
49,1.6,75.0,29.296874999999996,Overweight,Female
49,1.6,44.0,17.187499999999996,Underweight,Female
49,1.64,77.9,28.96341463414635,Overweight,Female
49,1.51,36.6,16.051927547037412,Underweight,Female
49,1.63,103.2,38.84225977643119,Obese Class 2,Female
48,1.74,79.01,26.09657814770776,Overweight,Male
48,1.73,74.11,24.761936583247017,Normal Weight,Male
48,1.75,83.91,27.399183673469388,Overweight,Male
48,1.63,100.0,37.63784862057285,Obese Class 2,Female
48,1.58,42.0,16.82422688671687,Underweight,Female
48,1.68,79.5,28.16751700680273,Overweight,Female
48,1.51,36.7,16.095785272575764,Underweight,Female
48,1.69,110.9,38.82917264801653,Obese Class 2,Female
47,1.74,79.0,26.09327520147972,Overweight,Male
47,1.73,74.2,24.792007751678973,Normal Weight,Male
47,1.75,83.8,27.363265306122447,Overweight,Male
47,1.55,40.0,16.649323621227886,Underweight,Female
47,1.65,75.3,27.658402203856756,Overweight,Female
47,1.52,36.8,15.92797783933518,Underweight,Female
47,1.82,99.7,30.09902185726361,Obese Class 1,Male
47,1.75,112.2,36.63673469387755,Obese Class 2,Male
46,1.74,78.99,26.08997225525168,Overweight,Male
46,1.73,74.29,24.82207892011093,Normal Weight,Male
46,1.75,83.69,27.32734693877551,Overweight,Male
46,1.86,70.0,20.23355301190889,Normal Weight,Male
46,1.73,77.0,25.72755521400648,Overweight,Male
46,1.52,36.9,15.971260387811634,Underweight,Female
46,1.74,111.2,36.72876205575373,Obese Class 2,Male
45,1.74,78.98,26.086669309023648,Overweight,Male
45,1.73,74.38,24.85215008854288,Normal Weight,Male
45,1.75,83.58,27.29142857142857,Overweight,Male
45,1.68,140.0,49.60317460317461,Obese Class 3,Female
45,1.84,68.0,20.08506616257089,Normal Weight,Male
45,1.72,78.3,26.467009194159008,Overweight,Male
45,1.53,37.0,15.805886624802426,Underweight,Female
45,1.78,90.7,28.626436056053528,Overweight,Male
45,1.8,116.0,35.80246913580247,Obese Class 2,Male
44,1.74,78.62,25.96776324481437,Overweight,Male
44,1.73,74.12,24.7652778241839,Normal Weight,Male
44,1.75,83.12,27.14122448979592,Overweight,Male
44,1.82,66.0,19.925129815239703,Normal Weight,Male
44,1.71,74.4,25.44372627475121,Overweight,Male
44,1.53,37.2,15.89132384980136,Underweight,Female
44,1.8,96.1,29.66049382716049,Overweight,Male
44,1.79,116.4,36.32845416809712,Obese Class 2,Male
43,1.74,78.61,25.96446029858634,Overweight,Male
43,1.73,74.21,24.795348992615853,Normal Weight,Male
43,1.75,83.01,27.10530612244898,Overweight,Male
43,1.8,64.0,19.753086419753085,Normal Weight,Male
43,1.69,72.2,25.27922691782501,Overweight,Female
43,1.54,37.4,15.769944341372913,Underweight,Female
43,1.78,114.5,36.13811387451079,Obese Class 2,Male
42,1.74,78.6,25.961157352358303,Overweight,Male
42,1.73,74.3,24.825420161047813,Normal Weight,Male
42,1.75,82.9,27.06938775510204,Overweight,Male
42,1.65,90.0,33.057851239669425,Obese Class 1,Female
42,1.78,62.0,19.56823633379624,Normal Weight,Male
42,1.75,76.5,24.97959183673469,Normal Weight,Male
42,1.54,37.5,15.812109967954123,Underweight,Female
42,1.79,93.8,29.274991417246653,Overweight,Male
42,1.75,112.0,36.57142857142857,Obese Class 2,Male
41,1.74,78.59,25.95785440613027,Overweight,Male
41,1.73,74.39,24.85549132947977,Normal Weight,Male
41,1.75,82.79,27.033469387755105,Overweight,Male
41,1.76,60.0,19.3698347107438,Normal Weight,Male
41,1.72,78.6,26.56841535965387,Overweight,Male
41,1.55,37.7,15.691987513007284,Underweight,Female
41,1.73,110.1,36.78706271509238,Obese Class 2,Male
40,1.74,78.58,25.95455145990223,Overweight,Male
40,1.73,74.48,24.885562497911724,Normal Weight,Male
40,1.75,82.68,26.997551020408167,Overweight,Male
40,1.729,74.48,24.914356898162566,Normal Weight,Male
40,1.7,105.0,36.33217993079585,Obese Class 2,Male
40,1.74,58.0,19.15708812260536,Normal Weight,Male
40,1.7,75.0,25.95155709342561,Overweight,Male
40,1.56,38.0,15.61472715318869,Underweight,Female
40,1.68,108.6,38.47789115646259,Obese Class 2,Female
39,1.74,77.42,25.571409697450125,Overweight,Male
39,1.73,73.42,24.531390958602024,Normal Weight,Male
39,1.75,81.42,26.58612244897959,Overweight,Male
39,1.729,73.42,24.559775556701062,Normal Weight,Male
39,1.72,56.0,18.92915089237426,Normal Weight,Male
39,1.66,71.7,26.019741617070697,Overweight,Female
39,1.56,38.3,15.73800131492439,Underweight,Female
39,1.78,90.2,28.468627698522912,Overweight,Male
39,1.74,111.7,36.8939093671555,Obese Class 2,Male
38,1.74,77.41,25.56810675122209,Overweight,Male
38,1.73,73.51,24.56146212703398,Normal Weight,Male
38,1.75,81.31,26.550204081632653,Overweight,Male
38,1.729,73.51,24.589881519655343,Normal Weight,Male
38,1.68,80.0,28.344671201814062,Overweight,Female
38,1.7,54.0,18.68512110726644,Normal Weight,Male
38,1.71,74.8,25.580520502034812,Overweight,Male
38,1.57,38.7,15.70043409468944,Underweight,Female
38,1.77,88.3,28.18474895464266,Overweight,Male
38,1.78,118.9,37.52682742078021,Obese Class 2,Male
37,1.74,77.4,25.564803804994057,Overweight,Male
37,1.73,73.6,24.591533295465933,Normal Weight,Male
37,1.75,81.2,26.51428571428572,Overweight,Male
37,1.729,73.6,24.61998748260962,Normal Weight,Male
37,1.7298,80.4,26.869789441512232,Overweight,Male
37,1.68,52.0,18.42403628117914,Underweight,Female
37,1.67,71.1,25.493922334970776,Overweight,Female
37,1.58,39.1,15.662554077872134,Underweight,Female
37,1.76,113.3,36.57670454545455,Obese Class 2,Male
36,1.74,77.39,25.56150085876602,Overweight,Male
36,1.73,73.69,24.62160446389789,Normal Weight,Male
36,1.75,81.09,26.47836734693877,Overweight,Male
36,1.729,73.69,24.6500934455639,Normal Weight,Male
36,1.7298,80.39,26.866447427900106,Overweight,Male
36,1.66,50.0,18.144868631151112,Underweight,Female
36,1.69,62.0,21.707923392038097,Normal Weight,Female
36,1.68,68.4,24.234693877551027,Normal Weight,Female
36,1.59,39.6,15.663937344250622,Underweight,Female
36,1.75,112.2,36.63673469387755,Obese Class 2,Male
35,1.74,77.38,25.55819791253798,Overweight,Male
35,1.73,73.78,24.651675632329848,Normal Weight,Male
35,1.75,80.98,26.44244897959184,Overweight,Male
35,1.729,73.78,24.68019940851818,Normal Weight,Male
35,1.7298,80.38,26.86310541428797,Overweight,Male
35,1.7,85.0,29.411764705882355,Overweight,Male
35,1.64,48.0,17.846519928613922,Underweight,Female
35,1.71,65.0,22.229061933586404,Normal Weight,Male
35,1.72,67.0,22.647376960519203,Normal Weight,Male
35,1.65,65.2,23.94857667584941,Normal Weight,Female
35,1.6,40.1,15.664062499999998,Underweight,Female
35,1.75,85.6,27.951020408163263,Overweight,Male
35,1.7,98.5,34.083044982698965,Obese Class 1,Male
34,1.74,76.22,25.17505615008588,Overweight,Male
34,1.73,72.72,24.297504093020148,Normal Weight,Male
34,1.75,79.72,26.031020408163265,Overweight,Male
34,1.729,72.72,24.32561806705668,Normal Weight,Male
34,1.7298,79.22,26.47543183528108,Overweight,Male
34,1.62,46.0,17.527815881725342,Underweight,Female
34,1.73,67.0,22.386314277122523,Normal Weight,Male
34,1.72,66.0,22.30935640886966,Normal Weight,Male
34,1.71,66.0,22.571047501795427,Normal Weight,Male
34,1.7,65.0,22.49134948096886,Normal Weight,Male
34,1.73,70.9,23.689398242507263,Normal Weight,Male
34,1.61,40.6,15.66297596543343,Underweight,Female
34,1.77,86.9,27.737878642791024,Overweight,Male
34,1.81,120.9,36.90363542016422,Obese Class 2,Male
33,1.74,76.21,25.17175320385784,Overweight,Male
33,1.73,72.81,24.327575261452104,Normal Weight,Male
33,1.75,79.61,25.995102040816327,Overweight,Male
33,1.729,72.81,24.35572403001096,Normal Weight,Male
33,1.7298,79.21,26.47208982166895,Overweight,Male
33,1.6,44.0,17.187499999999996,Underweight,Female
33,1.69,64.0,22.40817898532965,Normal Weight,Female
33,1.73,66.0,22.052190183434128,Normal Weight,Male
33,1.7,65.0,22.49134948096886,Normal Weight,Male
33,1.77,73.6,23.49261068020045,Normal Weight,Male
33,1.62,41.2,15.698826398414871,Underweight,Female
33,1.76,84.3,27.21461776859504,Overweight,Male
33,1.8,118.1,36.45061728395061,Obese Class 2,Male
32,1.74,76.2,25.168450257629807,Overweight,Male
32,1.73,72.9,24.35764642988406,Normal Weight,Male
32,1.75,79.5,25.959183673469383,Overweight,Male
32,1.729,72.9,24.38582999296524,Normal Weight,Male
32,1.6,120.0,46.87499999999999,Obese Class 3,Female
32,1.58,42.0,16.82422688671687,Underweight,Female
32,1.65,60.0,22.03856749311295,Normal Weight,Female
32,1.68,65.0,23.030045351473927,Normal Weight,Female
32,1.7,65.0,22.49134948096886,Normal Weight,Male
32,1.68,64.0,22.67573696145125,Normal Weight,Female
32,1.65,61.0,22.4058769513315,Normal Weight,Female
32,1.69,67.8,23.738664612583595,Normal Weight,Female
32,1.64,42.2,15.690065437239742,Underweight,Female
32,1.72,81.9,27.683883180097357,Overweight,Male
32,1.77,115.7,36.930639343739024,Obese Class 2,Male
31,1.74,76.19,25.165147311401768,Overweight,Male
31,1.73,72.99,24.38771759831601,Normal Weight,Male
31,1.75,79.39,25.92326530612245,Overweight,Male
31,1.729,72.99,24.415935955919515,Normal Weight,Male
31,1.7298,76.07,25.42269754746064,Overweight,Male
31,1.55,40.0,16.649323621227886,Underweight,Female
31,1.68,62.0,21.9671201814059,Normal Weight,Female
31,1.74,67.0,22.12973972783723,Normal Weight,Male
31,1.71,66.0,22.571047501795427,Normal Weight,Male
31,1.68,63.0,22.321428571428577,Normal Weight,Female
31,1.63,60.0,22.582709172343712,Normal Weight,Female
31,1.7,74.1,25.640138408304495,Overweight,Male
31,1.65,43.0,15.794306703397616,Underweight,Female
31,1.74,82.5,27.24930638129211,Overweight,Male
31,1.85,132.0,38.568298027757486,Obese Class 2,Male
30,1.74,76.18,25.16184436517373,Overweight,Male
30,1.73,73.08,24.417788766747968,Normal Weight,Male
30,1.75,79.28,25.88734693877551,Overweight,Male
30,1.729,73.08,24.446041918873792,Normal Weight,Male
30,1.7298,76.06,25.41935553384851,Overweight,Male
30,1.68,95.0,33.6592970521542,Obese Class 1,Female
30,1.7,155.0,53.63321799307959,Obese Class 3,Male
30,1.8,175.0,54.01234567901234,Obese Class 3,Male
30,2.07,270.0,63.01197227473221,Obese Class 3,Male
30,1.86,70.0,20.23355301190889,Normal Weight,Male
30,1.7,66.0,22.837370242214536,Normal Weight,Male
30,1.72,66.0,22.30935640886966,Normal Weight,Male
30,1.69,64.0,22.40817898532965,Normal Weight,Female
30,1.65,61.0,22.4058769513315,Normal Weight,Female
30,1.865,93.4,26.85277691926198,Overweight,Male
30,1.87,92.3,26.3948068289056,Overweight,Male
30,1.68,68.7,24.340986394557827,Normal Weight,Female
30,1.67,44.5,15.956111728638533,Underweight,Female
30,1.74,79.9,26.39054036200291,Overweight,Male
30,1.72,106.7,36.06679286100595,Obese Class 2,Male
29,1.79,74.72,23.320121094847227,Normal Weight,Male
29,1.78,71.72,22.63603080419139,Normal Weight,Male
29,1.8,77.72,23.98765432098765,Normal Weight,Male
29,1.779,71.72,22.66148599566297,Normal Weight,Male
29,1.7798,74.6,23.55029884824138,Normal Weight,Male
29,1.65,150.0,55.096418732782375,Obese Class 3,Female
29,1.75,170.0,55.51020408163265,Obese Class 3,Male
29,2.05,260.0,61.86793575252826,Obese Class 3,Male
29,1.84,68.0,20.08506616257089,Normal Weight,Male
29,1.63,58.0,21.82995219993225,Normal Weight,Female
29,1.7,64.0,22.145328719723185,Normal Weight,Male
29,1.68,63.0,22.321428571428577,Normal Weight,Female
29,1.66,62.0,22.49963710262738,Normal Weight,Female
29,1.847,90.9,26.645881511129275,Overweight,Male
29,1.853,89.7,26.12411605398285,Overweight,Male
29,1.72,69.3,23.424824229313145,Normal Weight,Male
29,1.66,45.7,16.584409928872116,Underweight,Female
29,1.75,81.4,26.579591836734696,Overweight,Male
29,1.76,113.8,36.73811983471074,Obese Class 2,Male
28,1.78,74.71,23.579724782224464,Normal Weight,Male
28,1.77,71.81,22.921255067190145,Normal Weight,Male
28,1.79,77.61,24.22209044661528,Normal Weight,Male
28,1.769,71.81,22.94717675589362,Normal Weight,Male
28,1.7698,74.59,23.813993218627807,Normal Weight,Male
28,1.75,75.0,24.489795918367346,Normal Weight,Male
28,1.67,145.0,51.991824733766,Obese Class 3,Female
28,1.72,165.0,55.77339102217415,Obese Class 3,Male
28,2.02,250.0,61.26850308793256,Obese Class 3,Male
28,1.82,66.0,19.925129815239703,Normal Weight,Male
28,1.78,75.0,23.671253629592226,Normal Weight,Male
28,1.76,69.0,22.27530991735537,Normal Weight,Male
28,1.66,62.0,22.49963710262738,Normal Weight,Female
28,1.67,63.0,22.58955143605005,Normal Weight,Female
28,1.63,60.0,22.582709172343712,Normal Weight,Female
28,1.832,88.3,26.309328578783777,Overweight,Male
28,1.838,87.2,25.8122267071295,Overweight,Male
28,1.78,72.1,22.75596515591465,Normal Weight,Male
28,1.68,46.2,16.369047619047624,Underweight,Female
28,1.73,78.6,26.26215376390791,Overweight,Male
28,1.82,126.8,38.28040091776355,Obese Class 2,Male
27,1.77,74.7,23.84372306808388,Normal Weight,Male
27,1.76,71.9,23.211518595041326,Normal Weight,Male
27,1.78,77.5,24.460295417245295,Normal Weight,Male
27,1.759,71.9,23.237917817923968,Normal Weight,Male
27,1.7598,74.58,24.08217745662525,Normal Weight,Male
27,1.69,140.0,49.017891530408605,Obese Class 3,Female
27,1.77,160.0,51.07089278304446,Obese Class 3,Male
27,2.0,240.0,60.0,Obese Class 3,Male
27,1.8,64.0,19.753086419753085,Normal Weight,Male
27,1.67,63.0,22.58955143605005,Normal Weight,Female
27,1.75,68.0,22.20408163265306,Normal Weight,Male
27,1.66,62.0,22.49963710262738,Normal Weight,Female
27,1.62,59.0,22.4813290656912,Normal Weight,Female
27,1.82,85.8,25.90266875981161,Overweight,Male
27,1.825,84.6,25.40063801838994,Overweight,Male
27,1.79,76.8,23.969289348022844,Normal Weight,Male
27,1.69,47.5,16.63107034067435,Underweight,Female
27,1.71,76.3,26.093498854348347,Overweight,Male
27,1.84,131.0,38.693289224952736,Obese Class 2,Male
26,1.76,74.69,24.11221590909091,Normal Weight,Male
26,1.75,71.99,23.506938775510203,Normal Weight,Male
26,1.77,77.39,24.702352452998817,Normal Weight,Male
26,1.749,71.99,23.533826893158903,Normal Weight,Male
26,1.7498,74.57,24.354954283689928,Normal Weight,Male
26,1.64,135.0,50.19333729922666,Obese Class 3,Female
26,1.79,155.0,48.37551886645236,Obese Class 3,Male
26,1.97,230.0,59.26460357133654,Obese Class 3,Male
26,1.78,62.0,19.56823633379624,Normal Weight,Male
26,1.74,68.0,22.46003435064077,Normal Weight,Male
26,1.69,63.0,22.058051188683876,Normal Weight,Female
26,1.65,61.0,22.4058769513315,Normal Weight,Female
26,1.6,58.0,22.65625,Normal Weight,Female
26,1.794,83.2,25.851065548608084,Overweight,Male
26,1.7990000000000002,82.1,25.36768465959564,Overweight,Male
26,1.74,71.9,23.74818337957458,Normal Weight,Male
26,1.71,48.9,16.723094285421155,Underweight,Male
26,1.76,80.2,25.89101239669421,Overweight,Male
26,1.86,134.1,38.76170655567117,Obese Class 2,Male
25,1.75,74.68,24.38530612244898,Normal Weight,Male
25,1.74,72.08,23.807636411679216,Normal Weight,Male
25,1.76,77.28,24.948347107438018,Normal Weight,Male
25,1.739,72.08,23.83502511969593,Normal Weight,Male
25,1.7398,74.56,24.63242937823691,Normal Weight,Male
25,1.7,130.0,44.98269896193772,Obese Class 3,Male
25,1.74,150.0,49.54419342053112,Obese Class 3,Male
25,1.95,220.0,57.85667324128863,Obese Class 3,Male
25,1.76,60.0,19.3698347107438,Normal Weight,Male
25,1.72,68.0,22.985397512168745,Normal Weight,Male
25,1.62,60.0,22.86236854138088,Normal Weight,Female
25,1.6,58.0,22.65625,Normal Weight,Female
25,1.77,78.0,24.897060231734173,Normal Weight,Male
25,1.77,77.0,24.577867151840145,Normal Weight,Male
25,1.76,76.0,24.535123966942148,Normal Weight,Male
25,1.76,75.0,24.212293388429757,Normal Weight,Male
25,1.786,80.7,25.29942353680298,Overweight,Male
25,1.781,79.5,25.0633598584598,Overweight,Male
25,1.75,70.5,23.020408163265305,Normal Weight,Male
25,1.73,49.7,16.605967456313277,Underweight,Male
25,1.71,77.7,26.57227864984098,Overweight,Male
25,1.75,100.2,32.71836734693878,Obese Class 1,Male
24,1.77,71.82,22.92444699798908,Normal Weight,Male
24,1.76,69.32,22.378615702479337,Normal Weight,Male
24,1.78,74.32,23.456634263350583,Normal Weight,Male
24,1.759,69.32,22.404067637531146,Normal Weight,Male
24,1.781,74.32,23.430300687807957,Normal Weight,Male
24,1.62,125.0,47.62993446121017,Obese Class 3,Female
24,1.76,145.0,46.81043388429752,Obese Class 3,Male
24,1.92,210.0,56.966145833333336,Obese Class 3,Male
24,1.74,58.0,19.15708812260536,Normal Weight,Male
24,1.75,70.0,22.857142857142858,Normal Weight,Male
24,1.76,76.0,24.535123966942148,Normal Weight,Male
24,1.76,75.0,24.212293388429757,Normal Weight,Male
24,1.75,74.0,24.163265306122447,Normal Weight,Male
24,1.75,73.0,23.836734693877556,Normal Weight,Male
24,1.7719999999999998,78.1,24.872738205035443,Normal Weight,Male
24,1.767,77.0,24.66139425274214,Normal Weight,Male
24,1.76,68.0,21.952479338842977,Normal Weight,Male
24,1.66,50.5,18.32631731746262,Underweight,Female
24,1.72,74.8,25.283937263385617,Overweight,Male
24,1.83,128.7,38.43052942757323,Obese Class 2,Male
23,1.76,71.81,23.182463842975206,Normal Weight,Male
23,1.75,69.41,22.664489795918367,Normal Weight,Male
23,1.77,74.21,23.68731845893581,Normal Weight,Male
23,1.749,69.41,22.69041428884789,Normal Weight,Male
23,1.771,74.21,23.66057579275364,Normal Weight,Male
23,1.68,120.0,42.51700680272109,Obese Class 3,Female
23,1.71,140.0,47.877979549263024,Obese Class 3,Male
23,1.9,200.0,55.4016620498615,Obese Class 3,Male
23,1.72,56.0,18.92915089237426,Normal Weight,Male
23,1.75,74.0,24.163265306122447,Normal Weight,Male
23,1.75,73.0,23.836734693877556,Normal Weight,Male
23,1.74,72.0,23.78121284185493,Normal Weight,Male
23,1.74,71.0,23.450918219051392,Normal Weight,Male
23,1.753,75.6,24.60129469194525,Normal Weight,Male
23,1.746,74.4,24.40531721007861,Normal Weight,Male
23,1.68,52.1,18.459467120181408,Underweight,Female
23,1.7,75.9,26.26297577854672,Overweight,Male
22,1.75,71.8,23.444897959183677,Normal Weight,Male
22,1.74,69.5,22.95547628484608,Normal Weight,Male
22,1.76,74.1,23.921745867768596,Normal Weight,Male
22,1.739,69.5,22.98188465342491,Normal Weight,Male
22,1.761,74.1,23.89458521612024,Normal Weight,Male
22,1.762,71.901,23.15917702641591,Normal Weight,Male
22,1.738,71.699,23.736329074197425,Normal Weight,Male
22,1.63,95.0,35.75595618954421,Obese Class 2,Female
22,1.66,115.0,41.73319785164756,Obese Class 3,Female
22,1.69,135.0,47.26725254717973,Obese Class 3,Female
22,1.87,190.0,54.333838542709245,Obese Class 3,Male
22,1.7,54.0,18.68512110726644,Normal Weight,Male
22,1.74,72.0,23.78121284185493,Normal Weight,Male
22,1.76,73.0,23.56663223140496,Normal Weight,Male
22,1.74,71.0,23.450918219051392,Normal Weight,Male
22,1.73,70.0,23.38868655818771,Normal Weight,Male
22,1.72,69.0,23.323418063818284,Normal Weight,Male
22,1.709,73.0,24.99417088001052,Normal Weight,Male
22,1.702,71.9,24.82045730398053,Normal Weight,Male
22,1.8,80.2,24.753086419753085,Normal Weight,Male
22,1.7,54.8,18.961937716262977,Normal Weight,Male
22,1.68,72.0,25.510204081632654,Overweight,Female
22,1.79,120.3,37.54564464280141,Obese Class 2,Male
21,1.74,71.79,23.71185097106619,Normal Weight,Male
21,1.73,69.59,23.25169567977547,Normal Weight,Male
21,1.75,73.99,24.16,Normal Weight,Male
21,1.729,69.59,23.27859957764679,Normal Weight,Male
21,1.751,73.99,24.132412220348268,Normal Weight,Male
21,1.752,71.891,23.421047830528973,Normal Weight,Male
21,1.728,71.689,24.008501050240053,Normal Weight,Male
21,1.75,110.0,35.91836734693877,Obese Class 2,Male
21,1.71,110.0,37.61841250299238,Obese Class 2,Male
21,1.73,130.0,43.43613217949146,Obese Class 3,Male
21,1.85,180.0,52.59313367421475,Obese Class 3,Male
21,1.68,52.0,18.42403628117914,Underweight,Female
21,1.73,70.0,23.38868655818771,Normal Weight,Male
21,1.75,71.0,23.18367346938776,Normal Weight,Male
21,1.73,69.0,23.054562464499316,Normal Weight,Male
21,1.72,68.0,22.985397512168745,Normal Weight,Male
21,1.71,67.0,22.91303307000445,Normal Weight,Male
21,1.721,70.5,23.802763213825457,Normal Weight,Male
21,1.715,69.3,23.561611233414645,Normal Weight,Male
21,1.75,57.3,18.710204081632654,Normal Weight,Male
21,1.7,43.4,15.017301038062286,Underweight,Male
21,1.55,37.6,15.650364203954211,Underweight,Female
21,1.69,73.5,25.73439305346452,Overweight,Female
20,1.73,71.78,23.98342744495305,Normal Weight,Male
20,1.72,69.68,23.553272038939973,Normal Weight,Male
20,1.74,73.88,24.40216673272559,Normal Weight,Male
20,1.719,69.68,23.580683467565223,Normal Weight,Male
20,1.741,73.88,24.374142426414863,Normal Weight,Male
20,1.742,71.881,23.68742264127565,Normal Weight,Male
20,1.718,71.679,24.285420006749057,Normal Weight,Male
20,1.72,105.0,35.49215792320173,Obese Class 2,Male
20,1.65,105.0,38.56749311294767,Obese Class 2,Female
20,1.78,125.0,39.4520893826537,Obese Class 2,Male
20,1.82,170.0,51.322304069556814,Obese Class 3,Male
20,1.66,50.0,18.144868631151112,Underweight,Female
20,1.72,68.0,22.985397512168745,Normal Weight,Male
20,1.73,69.0,23.054562464499316,Normal Weight,Male
20,1.72,67.0,22.647376960519203,Normal Weight,Male
20,1.7,66.0,22.837370242214536,Normal Weight,Male
20,1.69,65.0,22.758306781975424,Normal Weight,Female
20,1.705,68.9,23.7012065599711,Normal Weight,Male
20,1.6969999999999998,66.8,23.19598278913637,Normal Weight,Female
20,1.61,44.6,17.206126306855445,Underweight,Female
20,1.57,41.1,16.67410442614305,Underweight,Female
20,1.56,39.4,16.190006574621957,Underweight,Female
20,1.54,34.9,14.715803676842638,Underweight,Female
20,1.51,31.7,13.902898995658084,Underweight,Female
20,1.49,29.4,13.242646727624882,Underweight,Female
20,1.47,27.6,12.772455921143967,Underweight,Female
20,1.46,25.9,12.15049727903922,Underweight,Female
20,1.68,72.9,25.829081632653068,Overweight,Female
19,1.751,70.0,22.83104278178644,Normal Weight,Male
19,1.741,68.0,22.43424045744736,Normal Weight,Male
19,1.761,72.0,23.21741073631116,Normal Weight,Male
19,1.74,68.0,22.46003435064077,Normal Weight,Male
19,1.762,72.0,23.19106474043401,Normal Weight,Male
19,1.763,70.101,22.55379292438732,Normal Weight,Male
19,1.739,69.899,23.11382381855752,Normal Weight,Male
19,1.68,98.0,34.72222222222223,Obese Class 1,Female
19,1.69,98.0,34.31252407128602,Obese Class 1,Female
19,1.75,120.0,39.18367346938776,Obese Class 2,Male
19,1.8,160.0,49.38271604938272,Obese Class 3,Male
19,1.64,48.0,17.846519928613922,Underweight,Female
19,1.71,66.0,22.571047501795427,Normal Weight,Male
19,1.72,67.0,22.647376960519203,Normal Weight,Male
19,1.7,65.0,22.49134948096886,Normal Weight,Male
19,1.69,64.0,22.40817898532965,Normal Weight,Female
19,1.68,63.0,22.321428571428577,Normal Weight,Female
19,1.673,65.4,23.36608038288931,Normal Weight,Female
19,1.661,64.2,23.26996677324215,Normal Weight,Female
19,1.58,41.5,16.623938471398812,Underweight,Female
19,1.6,42.3,16.523437499999996,Underweight,Female
19,1.59,41.2,16.296823701594082,Underweight,Female
19,1.58,37.0,14.821342733536287,Underweight,Female
19,1.53,33.6,14.353453799820583,Underweight,Female
19,1.5,30.8,13.68888888888889,Underweight,Female
19,1.48,28.7,13.10262965668371,Underweight,Female
19,1.47,26.9,12.448516821694664,Underweight,Female
19,1.69,74.4,26.04950807044572,Overweight,Female
18,1.75,69.2,22.59591836734694,Normal Weight,Male
18,1.74,67.3,22.22882811467829,Normal Weight,Male
18,1.76,71.1,22.953254132231404,Normal Weight,Male
18,1.739,67.3,22.254400534899226,Normal Weight,Male
18,1.761,71.1,22.92719310210727,Normal Weight,Male
18,1.762,69.301,22.32172191078913,Normal Weight,Male
18,1.738,69.099,22.875585471177672,Normal Weight,Male
18,1.59,69.32,27.419801431905377,Overweight,Female
18,1.7,100.0,34.602076124567475,Obese Class 1,Male
18,1.67,100.0,35.8564308508731,Obese Class 2,Female
18,1.72,115.0,38.87236343969714,Obese Class 2,Male
18,1.78,150.0,47.34250725918445,Obese Class 3,Male
18,1.62,46.0,17.527815881725342,Underweight,Female
18,1.7,64.0,22.145328719723185,Normal Weight,Male
18,1.71,65.0,22.229061933586404,Normal Weight,Male
18,1.69,63.0,22.058051188683876,Normal Weight,Female
18,1.68,62.0,21.9671201814059,Normal Weight,Female
18,1.67,61.0,21.872422819032597,Normal Weight,Female
18,1.69,63.8,22.33815342600049,Normal Weight,Female
18,1.6840000000000002,61.7,21.75709909106809,Normal Weight,Female
18,1.62,43.9,16.727632982777013,Underweight,Female
18,1.55,40.0,16.649323621227886,Underweight,Female
18,1.61,41.7,16.087342309324484,Underweight,Female
18,1.57,36.3,14.72676376323583,Underweight,Female
18,1.52,32.9,14.239958448753464,Underweight,Female
18,1.5,30.3,13.466666666666669,Underweight,Female
18,1.48,28.3,12.9200146092038,Underweight,Female
18,1.46,26.6,12.478889097391631,Underweight,Female
18,1.7,72.9,25.22491349480969,Overweight,Male
17,1.65,95.0,34.894398530762174,Obese Class 1,Female
17,1.63,95.0,35.75595618954421,Obese Class 2,Female
17,1.68,110.0,38.97392290249434,Obese Class 2,Female
17,1.75,140.0,45.71428571428572,Obese Class 3,Male
17,1.6,44.0,17.187499999999996,Underweight,Female
17,1.69,61.0,21.35779559539232,Normal Weight,Female
17,1.7,62.0,21.45328719723184,Normal Weight,Male
17,1.68,60.0,21.258503401360542,Normal Weight,Female
17,1.67,59.0,21.15529420201513,Normal Weight,Female
17,1.65,58.0,21.30394857667585,Normal Weight,Female
17,1.638,60.3,22.47447302392357,Normal Weight,Female
17,1.628,59.1,22.29865559103888,Normal Weight,Female
17,1.63,45.2,17.01230757649893,Underweight,Female
17,1.62,44.0,16.76573693034598,Underweight,Female
17,1.6,38.9,15.195312499999996,Underweight,Female
17,1.54,34.1,14.37847866419295,Underweight,Female
17,1.51,31.2,13.683610367966317,Underweight,Female
17,1.49,29.0,13.062474663303457,Underweight,Female
17,1.47,27.3,12.63362487852284,Underweight,Female
16,1.6,90.0,35.15624999999999,Obese Class 2,Female
16,1.58,90.0,36.05191475725044,Obese Class 2,Female
16,1.7,105.0,36.33217993079585,Obese Class 2,Male
16,1.72,130.0,43.942671714440245,Obese Class 3,Male
16,1.58,42.0,16.82422688671687,Underweight,Female
16,1.67,58.0,20.7967298935064,Normal Weight,Female
16,1.68,59.0,20.904195011337876,Normal Weight,Female
16,1.66,57.0,20.685150239512268,Normal Weight,Female
16,1.65,56.0,20.569329660238758,Normal Weight,Female
16,1.64,55.0,20.449137418203453,Normal Weight,Female
16,1.652,58.7,21.50889083010395,Normal Weight,Female
16,1.642,56.6,20.992788272523484,Normal Weight,Female
16,1.59,42.8,16.929710058937538,Underweight,Female
16,1.58,40.1,16.06313090850825,Underweight,Female
16,1.55,35.7,14.859521331945889,Underweight,Female
16,1.52,32.2,13.936980609418285,Underweight,Female
16,1.49,29.9,13.467861808026663,Underweight,Female
16,1.47,28.0,12.957563977972145,Underweight,Female
16,1.46,26.3,12.33814974666917,Underweight,Female
15,1.55,85.0,35.37981269510926,Obese Class 2,Female
15,1.62,85.0,32.38835543362292,Obese Class 1,Female
15,1.65,100.0,36.73094582185492,Obese Class 2,Female
15,1.7,120.0,41.52249134948097,Obese Class 3,Male
15,1.55,40.0,16.649323621227886,Underweight,Female
15,1.65,55.0,20.202020202020204,Normal Weight,Female
15,1.66,56.0,20.322252866889244,Normal Weight,Female
15,1.64,54.0,20.077334919690664,Normal Weight,Female
15,1.63,53.0,19.94805976890361,Normal Weight,Female
15,1.62,52.0,19.81405273586343,Normal Weight,Female
15,1.605,55.2,21.42836346696946,Normal Weight,Female
15,1.597,54.0,21.173074593133887,Normal Weight,Female
22,1.78,115.0,36.295922232041406,Obese Class 2,Male
32,1.76,130.5,42.12939049586777,Obese Class 3,Male
42,1.73,146.2,48.84894249724347,Obese Class 3,Male
25,1.81,128.7,39.28451512469094,Obese Class 2,Male
35,1.75,141.5,46.204081632653065,Obese Class 3,Male
45,1.7,155.8,53.91003460207614,Obese Class 3,Male
28,1.85,142.0,41.49013878743608,Obese Class 3,Male
38,1.8,159.6,49.25925925925925,Obese Class 3,Male
48,1.68,175.0,62.00396825396826,Obese Class 3,Female
30,1.8,150.0,46.29629629629629,Obese Class 3,Male
40,1.74,165.3,54.59770114942529,Obese Class 3,Male
50,1.66,182.7,66.30134997822616,Obese Class 3,Female
24,1.77,124.5,39.73953844680647,Obese Class 2,Male
34,1.76,138.9,44.8411673553719,Obese Class 3,Male
44,1.72,154.0,52.05516495402921,Obese Class 3,Male
27,1.83,136.2,40.6700707695064,Obese Class 3,Male
37,1.78,152.3,48.06842570382528,Obese Class 3,Male
47,1.67,168.9,60.56151170712467,Obese Class 3,Female
29,1.79,132.1,41.22842607908617,Obese Class 3,Male
39,1.77,146.3,46.69794758849629,Obese Class 3,Male
49,1.65,162.5,59.68778696051424,Obese Class 3,Female
26,1.82,132.0,39.85025963047941,Obese Class 2,Male
36,1.76,144.0,46.48760330578513,Obese Class 3,Male
46,1.71,158.7,54.273109674771725,Obese Class 3,Male
31,1.78,127.8,40.33581618482515,Obese Class 3,Male
41,1.75,151.0,49.30612244897959,Obese Class 3,Male
17,1.65,60.5,22.222222222222225,Normal Weight,Female
25,1.75,70.2,22.92244897959184,Normal Weight,Male
32,1.8,76.8,23.703703703703702,Normal Weight,Male
22,1.68,63.5,22.498582766439917,Normal Weight,Female
39,1.7,72.9,25.22491349480969,Overweight,Male
48,1.62,68.7,26.17741197988111,Overweight,Female
19,1.7,67.3,23.28719723183391,Normal Weight,Male
28,1.78,74.6,23.545006943567728,Normal Weight,Male
35,1.75,71.8,23.444897959183677,Normal Weight,Male
44,1.69,70.3,24.613984104198035,Normal Weight,Female
20,1.72,66.0,22.30935640886966,Normal Weight,Male
29,1.79,75.3,23.501139165444275,Normal Weight,Male
37,1.72,69.5,23.49242833964305,Normal Weight,Male
47,1.66,68.0,24.677021338365517,Normal Weight,Female
21,1.69,65.7,23.003396239627467,Normal Weight,Female
31,1.76,72.0,23.243801652892564,Normal Weight,Male
38,1.71,70.2,24.00738688827332,Normal Weight,Male
49,1.64,67.3,25.02230814991077,Overweight,Female
24,1.73,68.5,22.887500417655115,Normal Weight,Male
33,1.81,78.4,23.93089344037117,Normal Weight,Male
41,1.67,68.9,24.70508085625157,Normal Weight,Female
50,1.63,67.0,25.21735857578381,Overweight,Female
23,1.71,67.0,22.91303307000445,Normal Weight,Male
30,1.77,73.5,23.46069137221105,Normal Weight,Male
36,1.74,70.8,23.384859294490685,Normal Weight,Male
46,1.68,69.2,24.518140589569164,Normal Weight,Female
18,1.66,62.3,22.608506314414285,Normal Weight,Female
27,1.74,71.5,23.616065530453163,Normal Weight,Male
34,1.78,73.2,23.10314354248201,Normal Weight,Male
42,1.65,66.2,24.31588613406796,Normal Weight,Female
16,1.6,55.0,21.484375,Normal Weight,Female
26,1.72,68.5,23.154407787993517,Normal Weight,Male
37,1.76,73.2,23.63119834710744,Normal Weight,Male
47,1.66,63.7,23.11656263608652,Normal Weight,Female
18,1.68,62.8,22.25056689342404,Normal Weight,Female
29,1.79,71.4,22.28394869073999,Normal Weight,Male
40,1.73,70.0,23.38868655818771,Normal Weight,Male
49,1.65,63.3,23.25068870523416,Normal Weight,Female
19,1.66,59.5,21.59239367106982,Normal Weight,Female
30,1.76,68.0,21.952479338842977,Normal Weight,Male
42,1.69,67.2,23.52858793459613,Normal Weight,Female
50,1.64,62.7,23.31201665675194,Normal Weight,Female
21,1.72,65.7,22.2079502433748,Normal Weight,Male
32,1.78,70.5,22.25097841181669,Normal Weight,Male
44,1.7,66.9,23.148788927335644,Normal Weight,Male
22,1.69,64.3,22.51321732432338,Normal Weight,Female
34,1.75,69.8,22.79183673469388,Normal Weight,Male
46,1.68,63.8,22.604875283446717,Normal Weight,Female
23,1.7,63.5,21.972318339100347,Normal Weight,Male
35,1.77,70.3,22.43927351655016,Normal Weight,Male
48,1.65,63.1,23.17722681359045,Normal Weight,Female
25,1.71,66.7,22.810437399541744,Normal Weight,Male
36,1.75,70.1,22.889795918367344,Normal Weight,Male
45,1.67,63.5,22.76883359030442,Normal Weight,Female
27,1.74,68.2,22.52609327520148,Normal Weight,Male
38,1.78,71.0,22.408786769347305,Normal Weight,Male
16,1.62,50.0,19.05197378448407,Normal Weight,Female
26,1.67,55.5,19.90031912223457,Normal Weight,Female
36,1.7,57.8,20.0,Normal Weight,Male
46,1.73,60.2,20.11427044004143,Normal Weight,Male
17,1.63,51.2,19.2705784937333,Normal Weight,Female
27,1.68,56.0,19.841269841269845,Normal Weight,Female
37,1.71,58.1,19.86936151294416,Normal Weight,Male
47,1.74,61.0,20.147971991015982,Normal Weight,Male
18,1.64,52.5,19.51963117192148,Normal Weight,Female
28,1.69,56.7,19.85224606981549,Normal Weight,Female
38,1.72,59.0,19.94321254732288,Normal Weight,Male
48,1.75,62.3,20.34285714285714,Normal Weight,Male
19,1.65,53.8,19.761248852157944,Normal Weight,Female
29,1.7,57.3,19.82698961937716,Normal Weight,Male
39,1.73,59.9,20.014033211934912,Normal Weight,Male
49,1.76,63.6,20.53202479338843,Normal Weight,Male
20,1.66,55.0,19.959355494266223,Normal Weight,Female
30,1.71,58.5,20.006155740227765,Normal Weight,Male
40,1.74,60.7,20.048883604174925,Normal Weight,Male
50,1.77,64.9,20.71563088512241,Normal Weight,Male
21,1.67,56.2,20.151314138190685,Normal Weight,Female
31,1.72,59.0,19.94321254732288,Normal Weight,Male
41,1.75,61.5,20.081632653061224,Normal Weight,Male
22,1.68,57.5,20.37273242630386,Normal Weight,Female
32,1.73,60.8,20.314744896254467,Normal Weight,Male
42,1.76,62.2,20.08006198347108,Normal Weight,Male
23,1.69,58.7,20.55250166310704,Normal Weight,Female
33,1.74,61.2,20.214030915576696,Normal Weight,Male
43,1.77,63.4,20.236841265281367,Normal Weight,Male
24,1.7,60.0,20.761245674740486,Normal Weight,Male
34,1.75,61.8,20.17959183673469,Normal Weight,Male
44,1.78,64.8,20.45196313596768,Normal Weight,Male
25,1.71,61.2,20.929516774392123,Normal Weight,Male
35,1.76,62.4,20.14462809917356,Normal Weight,Male
45,1.79,65.7,20.50497799694142,Normal Weight,Male
16,1.65,65.5,24.05876951331497,Normal Weight,Female
26,1.7,75.6,26.15916955017301,Overweight,Male
36,1.75,85.8,28.016326530612243,Overweight,Male
46,1.8,95.9,29.59876543209877,Overweight,Male
17,1.67,68.0,24.38237297859371,Normal Weight,Female
27,1.72,78.2,26.433207138994053,Overweight,Male
37,1.77,88.3,28.18474895464266,Overweight,Male
47,1.82,98.4,29.70655717908465,Overweight,Male
18,1.69,70.5,24.684009663527192,Normal Weight,Female
28,1.74,80.8,26.68780552252609,Overweight,Male
38,1.79,90.9,28.369901064261416,Overweight,Male
48,1.84,101.0,29.832230623818525,Overweight,Male
19,1.7,73.0,25.25951557093426,Overweight,Male
29,1.76,83.3,26.89178719008265,Overweight,Male
39,1.81,93.5,28.540032355544703,Overweight,Male
49,1.86,104.6,30.23470921493814,Obese Class 1,Male
20,1.72,75.6,25.55435370470525,Overweight,Male
30,1.78,85.7,27.04835248074738,Overweight,Male
40,1.83,96.1,28.69598972797037,Overweight,Male
50,1.88,107.2,30.33046627433228,Obese Class 1,Male
21,1.74,78.1,25.79601004095653,Overweight,Male
31,1.8,88.2,27.22222222222222,Overweight,Male
41,1.85,98.7,28.83856829802776,Overweight,Male
22,1.76,80.7,26.052427685950416,Overweight,Male
32,1.82,90.6,27.351769110010864,Overweight,Male
42,1.87,101.3,28.96851497040235,Overweight,Male
23,1.78,83.3,26.29087236460043,Overweight,Male
33,1.84,93.1,27.498818525519845,Overweight,Male
43,1.89,104.0,29.114526469023826,Overweight,Male
24,1.8,85.8,26.48148148148148,Overweight,Male
34,1.86,95.7,27.66215747485258,Overweight,Male
44,1.91,106.9,29.302924810175163,Overweight,Male
25,1.82,88.4,26.687598116169543,Overweight,Male
35,1.88,98.5,27.868945224083298,Overweight,Male
45,1.93,109.9,29.50414776235604,Overweight,Male
